,0
0,Presumptive Heparin Induced Thrombocytopenia (Type 2)
1,"Mucoepidermoid Carcinoma, Low Grade with Oncocytic Features (with Cilia)"
2, Extra-mammary Paget's Disease
3, Rhabdomyolysis and acute kidney injury secondary
4, YAP1::TFE3 rearranged epithelioid hemangioendothelioma
5, Candidemia caused by the emerging pathogen Candida auris
6, Acute myeloid leukemia (AML) with CEBPA Mutation 
7, High-grade Pleomorphic Liposarcoma
8," Small Cell Carcinoma, Transformed from Lung Adenocarcinoma"
9, Myelodysplastic Syndrome with Ring Sideroblasts and Thrombocytosis 
10," Astroblastoma, MN1-Altered"
11, Granulomatosis with polyangiitis
12, Biphasic Papillary Renal Cell Carcinoma (BPRCC)
13, Undifferentiated Melanoma
14, Focal Segmental Glomerulosclerosis
15, Right Renal Pelvis Urothelial Carcinoma with FGFR3 Alteration
16, Eosinophilic Solid and Cystic Renal Cell Carcinoma
17, Cryptococcal Meningitis
18, CIC-rearranged Sarcoma
19,Synchronous IDH-mutant Anaplastic Astrocytoma and Oligodendroglioma
20,Cold Agglutinin Disease Secondary to Acute EBV Infection 
21,Papillary Renal Neoplasm with Reverse Polarity
22, Idiopathic Isolated Elevation of Gamma Glutamyl Transferase (GGT)
23,"Neoplasm, Consistent with Metastatic Ameloblastomas"
24, Angioimmunoblastic T Cell Lymphoma (AITL)
25,Germline GATA2 Mutation in Myelodysplasia-related Acute Myeloid Leukemia
26, Metastatic Neuroendocrine Tumor (Carcinoid) of GI Origin 
27, Pigmented Nodular Malignant Melanoma 
28,Whipple's Endocarditis (Tropheryma whipplei)
29,Medium-chain acyl-coenzyme A dehydrogenase deficiency (MCADD)
30,Diffuse Large B-cell Lymphoma
31,Ganciclovir-resistant Cytomegalovirus (CMV) Infection with UL97 Locus Mutatio
32,MDS with Unilineage Dysplasia
33, High-grade Subependymal Giant Cell Astrocytoma (SEGA) 
34, High-grade Malignant Peripheral Nerve Sheath Tumor 
35, Basal Cell Carcinoma of Prostate
36,Congenital Disorder of Glycosylation SRD5A3-CDG (CDG-1q) Associated with Retinitis Pigmentosa
37,Lung Adenocarcinoma with MET Exon 14 Skipping
38, Infectious Endocarditis Secondary to Bioprosthetic Aortic Valve
39, Kidd Alloimmunization During Pregnancy
40, Squamoid Cccrine Ductal Carcinoma
41,Leigh Syndrome Due to a Homoplasmic Pathogenic Variant in the MT-ATP6 gene
42, Fibrillary Glomerulonephritis
43,Nontuberculous Mycobacterium Lymphadenitis (MAI)
44,LSD Overdos
45,Pulmonary Mucoepidermoid Carcinoma
46,Anaplastic Lymphoma Kinase positive Anaplastic Large Cell Lymphoma (ALK+ ALCL)
47,Langerhans Cell Sarcoma
48,9-year-old Boy with Pediatric Testicular Follicular Lymphoma
49,Anti-Microbial Refractory Fungal Infection in a Patient with Severe Neutropenia
50,A Male Undergoing Therapeutic Drug Monitoring for Busulfan Dosing
51,The KMT2A Partial Tandem Duplication: Recurrent Cryptic Alteration in AML with Normal Karyotype
52, Mixed Tumor with Schwannoma and Meningioma Components   (COM-BP)
53, Ependymoma and Malignant Glioma   (COM-BP)
54,X-linked Alport Syndrome
55,"  Choriocarcinoma, Likely Metastatic  (COM-BP)"
56, Amyloid Myopathy and Cardiac Amyloidosis due to Primary AL Amyloidosis  (COM-BP)
57,Anaplastic Medulloblastoma  (COM-BP)
58,Germinoma (COM-BP)
59,Anaplastic Pilomyxoid Astrocytoma (COM-BP)
60,Anaplastic Pilomyxoid Astrocytoma (COM-BP)
61,Limbic Encephalitis due to Lgi1 Antibodies (COM-BP)
62,Anti-Leucine Rich Glioma Inactivated 1 (LGI1) - Autoimmune-mediated Limbic Encephalitis  (COM-BP)
63,Active Tuberculosis
64,Toxoplasmosis
65,Primary Hemophagocytic Lymphohistiocytosis
66,Clear Cell Papillary Renal Cell Carcinoma
67,Transfusion Related Acute Lung Injury (TRALI)
68,Malignant Adenomyoepithelioma
69,Multi-Cystic Placental Lesions
70,Elevated Anion Gap Metabolic Acidosis due to Starvation Ketoacidosis
71,High Grade Intracerebral Myxofibrosarcoma (COM-BP)
72, Spinal Hibernoma (COM-BP)
73, Pituitary Gangliocytoma Associated with Acromegaly (COM-BP)
74, Papillary Craniopharyngioma with Dysplastic Changes   (COM-BP)
75, Meningeal Solitary Fibrous Tumor/Hemangiopericytoma with Ectopic Salivary Gland Tissue  (COM-BP)
76, Primary Intracranial Leiomyosarcoma Arising from the Dura  (COM-BP)
77,Metastatic Acinic Cell Carcinoma with High-Grade Transformation
78,  Intramedullary Spinal Cord Metastasis of Small Cell Cancer of Lung  (COM-BP)
79, Drop Metastasis of an Anaplastic Oligodendroglioma (COM-BP)
80,  Grade III Oligoastrocytoma (OA)  (COM-BP)
81,  Progressive Multifocal Leukoencephalopathy (PML). (COM-BP)
82,Helicobacter Pylori Gastritis
83,Systemic Mastocytosis with an Associated Hematological Neoplasm (SM)
84,Mucinous Cystadenocarcinoma (MCA) of the Breast
85, Cerebral Schistosomiasis Caused by Schistosoma Mansoni  (COM-BP)
86," Neuroschistosomiasis, Cerebellar Acute Schistosomal Encephalopathy Infected by Schistosoma japonicum (COM-BP)"
87,Pseudomyogenic Hemangioendothelioma (PHE)
88,Angiocentric Glioma (COM-BP)
89,Hemangioblastoma of the Hypothalamus (COM-BP)
90,a Metastatic Subcutaneous Lesion
91,Anaplastic Ependymoma (COM-BP)
92,Epithelial-Myoepithelial Cell Carcinoma (EMCC) (COM-BP)
93,An unusual cause of liver failure leading to liver transplantation
94,Melanotic Schwannoma (COM-BP)
95,Meningioma with Iron-Positive Macrophages
96,Amyloid and B-Cell Lymphoma
97,Eccrine Spiradenoma
98,Fragile X Syndrome
99,Acute Hemorrhagic Leukoencephalitis (AHL) - Weston-Hurst's disease (COM-BP)
100,Anti-synthetase Syndrome-associated Myositis (COM-BP)
101,a Sclerosing Pneumocytoma
102, Clear Cell Ependymoma (CCE) 
103, Yolk Sac Tumors in the Cerebellum
104,Mixed Germ Cell Tumor 
105,Plasmodium Ovale
106,Low-grade Central Osteosarcoma
107,Calcifying Pseudoneoplasm of the Neuraxis (CAPNON)
108,Drug-induced Hemolytic Anemia due to Bendamustine
109,Alström Syndrome
110,Chordoid meningioma with Castleman Syndrome
111,"Myeloid Sarcoma in CNS, Subdural Hematoma and Meningothelial Meningioma"
112,Erdheim-Chester Disease
113,CNS Rosai-Dorfman Disease 
114,Brown Bowel Syndrome
115,Lymphomatosis cerebri (LC)
116,Diffuse Glioma Exhibiting Growth and Invasion Pattern of Gliomatosis Cerebri
117,Myopathy Secondary to Intravascular Large B-cell Lymphoma 
118,Lipid Storage Myopathy (LSM)
119,A Bioterror Agent in the Laboratory
120,Primordial Odontogenic Tumor with Hard Tissue Formation
121,Primary CNS Lymphoplasmacytic Lymphoma
122,Anaplastic Astrocytoma of the Pons/ WHO Grade III (DIPG)
123,Babesiosis (Babesia microti) and Hemophagocytic lymphohistiocytosis (HLH)
124,High-Grade Epithelial Stromal Tumor of the Left Seminal Vesicle
125," Leukoencephalopathy, Consistent with Fludarabine Neurotoxicity"
126,  Inflammatory Amyloid Angiopathy and Leptomeningeal Amyloidosis with Inflammation
127, Atypical Teratoid/Rhabdoid Tumor
128, CD8+ Cytotoxic T-Cell Lymphoma
129,Central Precocious Puberty (idiopathic)
130,Liposclerosing Myxofibrous Tumor
131,"Clonal Neoplasm, Favor Metastatic Carcinoma"
132, Intracranial Low-grade Fibromyxoid Sarcoma
133, Spindle/Sclerosing Variant of Follicular Lymphoma
134, Medullary Thyroid Carcinoma
135, Congenital Epulis
136, Cerebral Schistosomiasis
137, Multiple Intracranial Tuberculomas
138," Small Cell Carcinoma of the Ovary, Hypercalcemic Type"
139,Plasmacytoma with daratumumab interference presenting as a monoclonal IgG/kappa
140,Intravascular NK/T-Cell Lymphoma with Associated Multifocal Microinfarcts 
141,Solitary Fibrous Tumor (SFT) of the Pineal Region 
142,Metastatic Chromophobe Renal Cell Carcinoma in Cerebellum 
143,Metastasis of a Gastrointestinal Stromal Tumor (GIST) 
144,Systemic Amyloid A (AA) Amyloidosis with Amyloid Deposition in the Choroid Plexus and Pituitary Gland 
145,Rosai-Dorfman Meningeal Disease with IgG4-related Disease Histological Features 
146,Clear Cell Carcinoma of the Ovary 
147,Fetal/Neonatal Alloimmune Thrombocytopenia 
148,Fetal and Neonatal Allo-immune Thrombocytopenia (FNAIT)
149,Neurenteric Cyst
150,Mammary Analogue Secretory Carcinoma of Salivary Gland
151,Congenital Dyserythropoietic Anemia Type II
152,Sellar Melanocytoma 
153,Small Cell Astrocytoma
154,Hereditary myopathy with early respiratory failure (HMERF)
155, Immune-mediated Necrotizing Myopathy
156, Acute Disseminated Encephalomyelitis
157,Germinoma
158, Intermediately differentiated Sertoli-Leydig Cell Tumor (SLCT) 
159,MGrowth Hormone-secreting Pituitary Carcinoma
160,Granular Cell Tumor of the Neurohypophysis
161,Medium Chain Acylcarnitine Dehydrogenase Deficiency
162,Basal Cell Adenocarcinoma 
163,Neurotuberculosis with Parenchymatous Acute Arteritis and Cortical Infarction
164,Disseminated Oligodendroglial-like Leptomeningeal Tumor with Malignant (Anaplastic) Transformation
165,EBV-associated Smooth Muscle Tumor 
166,Acute Myeloid Leukemia (AML) and Severe Neutropenia
167,Leiomyo-adenomatoid Tumor
168,Malignant Perineurioma
169,Leptomeningeal Melanocytosis
170,Mild Ricin Poisoning
171,Polypoid Endometriosis 
172,Turcot Syndrome
173,Olfactory Neuroepithelioma
174,Nodular Amyloidoma of the Pituitary Gland
175,Angiomyxofibroma
176,Intracerebral Chondroma
177,Malignant Rhabdoid Tumor
178,Primary Endometrial Primitive Neuroectodermal Tumors with EWSR Gene Rearrangement 
179,Atypical Teratoid Rhabdoid Tumor (AT/RT)
180,"Gossypiboma, Pilocytic Astrocytoma WHO Grade I"
181,Drug-induced Immune Hemolytic Anemia
182,Total Intestinal Aganglionosis 
183, Passenger Lymphocyte Syndrome
184,Cerebellopontine Angle Lesion
185,Myopericytoma
186,Clear Cell Papillary Renal Cell Carcinoma
187,Dural Based Extranodal Rosai Dorfman Disease
188, Epstein-Barr Virus-associated Smooth Muscle Tumor
189, Intravascular Large B-cell Lymphoma 
190, Fanconi Anemia and Chromosome 16 Uniparental Disomy
191, Diffuse Leptomeningeal Melanocytoma
192,Cerebral Edema with Tentorial and Tonsillar Herniation Secondary to Fat Emboli
193,Leiomyoma
194,Cervicofacial Actinomycosis
195,Segment of Nerve Involved by Adult T Cell Leukemia/lymphoma (ATLL)
196, Cerebral Amyloidoma
197, Multifocal Histiocytic Sarcoma of the CNS
198,Sinus pericranii 
199," Intradural, Extramedullary Granular Cell Tumour "
200,Spinal Paraganglioma (WHO grade I)
201,Capillary Hemangioma
202,Foix-Alajouanine Syndrome 
203,"Malignant Lymphoma, Peripheral T-Cell Type"
204, Arteriovenous Malformation Associated with Anaplastic Astrocytoma  
205,Extra-osseous Intracranial Metastasis from Prostatic Carcinoma. 
206,Atypical Extra-ventricular Ganglioneurocytoma 
207, Rheumatoid Meningitis (RM)  
208,"Autoimmune Arthritis, Induced by Checkpoint Inhibitor Therapy "
209,Synchronous Endometrioid Adenocarcinomas of the Endometrium and Right Ovary 
210,"Langerhans Cell Histiocytosis, WHO Grade I  "
211,Histiocytic Sarcoma 
212,Germinoma  
213, Spindle Cell Oncocytoma of Adenohypophysis 
214,Congenital Amegakaryocytic Thrombocytopenia and Alport Syndrome
215,Atypical Teratoid Rhabdoid Tumor
216,Cerebral Whipple’s Disease
217,Glioblastoma with primitive neuroectodermal (PNET) features and metastasis of the PNET component
218, Isolated Extracranial-Intracranial Myeloid Sarcoma 
219,Sarcoidosis
220,Spindle Cell Oncocytoma of the Adenohypophysis (WHO Grade I)
221,Pituicytoma (WHO grade 1)
222,Extensive cerebral venous sinus thrombosis secondary to hypofibrinolysis
223,Malignant Myoepithelioma
224,Schwannoma of the Jugular Foramen 
225, chronic myelogenous leukemia (CML)
226,"Dandy-Walker-Malformation, Teratoma and Metastatic Lung Adenocarcinoma"
227,"  Polymorphous Post-transplant Lymphoproliferative Disorder, EBV Positive"
228,"Ectopic Adrenocortical Adenoma of Spinal Canal, Intradural, Extramedullary"
229,Pilomyxoid Astrocytoma (WHO Grade II)
230,Well-Differentiated Fetal Hepatoblastoma
231,Disseminated Anaplastic Hemangiopericytoma
232,Leptomeningeal Amelanotic Melanomatosis and Brain Metastases from Gastric Melanoma 
233,consumed synthetic cathinone product “bath salts” 
234,rheumatoid arthritis
235, Malignant Peripheral Nerve Sheath Tumor (MPNST)
236, Severe X-linked myotubular myopathy (XLMTM)
237,schwannoma 
238,mast cell activation syndrome (secondary)
239,"Angiocentric Glioma, WHO Grade I "
240, Primary Leptomeningeal Sarcomatosis 
241,high-dose hook effect or prozone effect
242,Fibroadenoma of the Vulva
243, Necrotizing Myelopathy  
244,Progressive Multifocal Leukoencephalopathy (PML) 
245,Histiocytic Sarcoma 
246,Anaplastic Ependymoma (WHO grade III) with Granular Cell Features
247,clear cell adenocarcinoma of the lower urinary tract  
248,pilomatrix carcinoma of the skin and soft tissue  
249,langerhans cell histiocytosis (LCH)
250,primary diffuse leptomeningeal gliomatosis 
251,Cryptococcus neoformans complex meningitis 
252,pulmonary alveolar microlithiasis 
253,"Niemann-Pick Disease, Type C"
254,Fabry disease
255,mixed adenoneuroendocrine carcinoma- Signet Ring Type 
256,high grade malignant peripheral nerve sheath tumor 
257,Intracranial solitary fibrous tumor with atypical histologic features and distant bone metastases 
258,natural killer cell lymphoblastic lymphoma/leukemia
259,Dura-associated extranodal marginal zone B cell lymphoma (MALT lymphoma)
260,melanocytoma 
261,Acanthamoeba keratitis
262,sclerosing hemangioma
263,a negative HIV screen 
264,intracranial marginal zone B-cell lymphoma
265,"ganglioneurocytoma, WHO grade 2"
266,metastatic prostatic adenocarcinoma 
267,A 69 year-old woman with  
268,Intracranial tumor-to-tumor metastasis: metastatic pulmonary adenocarcinoma to a diffuse astrocytoma
269,tuberculous meningitis
270, mycobacterium caprae meningoencephalitis 
271,Intratesticular fetus in fetu  
272,idiopathic hypertrophic pachymeningitis
273,Becker muscular dystrophy (BMD
274,severe allergic reaction to plasma proteins
275,synovial sarcoma  
276,gastrointestinal neuroendocrine carcinmoas 
277,Tophaceous Pseudogout.
278,Calcifying Pseudoneoplasm of the Neural Axis
279,hypermagnesemia
280,Pituitary hCG Production
281,malakoplakia of allograft gastrointestinal tract
282, Multiple System Atrophy
283,Medullomyoblastoma
284,Lipomatous Hemangiopericytoma Associated with Oncogenic Osteomalacia
285,Blastomyces dermatididis
286,"Central neurocytoma, WHO II, complicated by hemorrhage"
287,malignant peripheral nerve sheath tumor (MPNST)
288,acute Wernicke-type encephalopathy
289,Granular Cell Astrocytoma 
290,Glioneuronal Tumor with Neuropil-like Islands (GTNI)
291,Esophageal granular cell tumor associated with pseudoepitheliomatous hyperplasia.
292,IgG4-related meningeal disease 
293,Intradural Melanocytoma
294,progressive multifocal Leukoencephalopathy 
295,giant cell tumor of the sellar region 
296,non-hodgkin lymphoma 
297,hereditary tyrosinemia type 1
298,Elevated blood cobalt levels 
299,Mycobacterium tuberculosis
300,Alveolar Capillary Dysplasia with Misalignment of Pulmonary Veins
301,progressive multifocal leukoencephalopathy (PML) in systemic lupus erythematosus (SLE)   
302,papillary tumor of the pineal region  
303,transient erythroblastopenia of childhood (TEC) 
304,type 1 autoimmune pancreatitis
305,T-cell prolymphocytic leulemia (T-PPL)
306,embryonal rhabdomyosarcoma arising within the pituitary gland 
307,chordoid glioma of the third ventricle WHO 2007 grade II 
308,Gaucher disease (Type I).   
309,"benign fibrous tumor (""fibroma"")  "
310,urachal adenocarcinoma associated with villous adenoma
311, merkel cell carcinoma
312, Aeromonas hydrophila/caviae infection 
313,atypical plasma cell neoplasm 
314, bifocal myxopapillary ependymoma  
315, a giant cell-rich solitary fibrous tumor 
316, toxoplasmosis of the hypothalamus
317,kaposiform hemangioendothelioma
318, prominent platelet satellitism causing pseudothrombocytopenia 
319,"primary natural killer NK/T-cell lymphoma, nasal type, of the central nervous system"
320,anaplastic central neurocytoma (CN) of both lateral ventricles.
321, papillary throid carcinoma 
322,persistent Müllerian duct syndrome
323,Inflammatory myofibroblastic tumor
324,WHO Grade IV glioblastoma multiforme
325, multiple myeloma
326, poorly diferentiated endometriod adenocarcinoma
327,anaplastic thyroid carcinoma  
328,paraganglioma
329,fetal type myxoid rhabdomyoma of the vestibular nerve 
330,moyamoya disease 
331,anaplastic oligodendroglioma 
332,angiocentric glioma in the posterior midbrain
333,malignant lymphoma
334,leiomyosarcoma
335,metastatic hepatocellular carcinoma
336,intracerebral Langerhans cell histiocytosis
337,hemodialysis-related hemolysis
338, dedifferentiated chondrosarcoma
339,"hybrid peripheral nerve sheath tumor, with schwannoma/perineurioma components"
340,combined tanycytic ependymoma and subependymoma
341,cavernous hemangioma
342,anti-NMDA receptor encephalitis 
343,chondroma of cerebellopontine angle
344,schwannoma
345,moderate to poorly differentiated Sertoli-Leydig cell tumor
346,hemolytic cold agglutinin syndrome 
347,Rosai Dorfman disease and multiple sclerosis.
348,neurosarcoidosis
349, isolated non-compaction of left ventricle
350,Gaucher disease type II
351,sinonasal undifferentiated carcinoma (SNUC). 
352,multifocal intracerebral schwannosis
353,glycogen storage diseases
354,collecting duct carcinoma
355,high grade sarcoma with features of myxofibrosarcoma
356,Mycobacterium bovis
357,pituicytoma
358, paraganglioma of the sellar region  
359, hodgkin lymphoma with in-situ follicular lymphoma
360, subependymal giant cell astrocytoma (SEGA)
361, multicentric pleomorphic xanthoastrocytoma with leptomeningeal dissemination
362," balloon cell melanoma, metastatic to cerebellum"
363,Pacinian hyperplasia associated with meningoradiculocele
364, Parkinson disease and hypoxic-ischemic encephalopathy
365, acute undifferentiated leukemia
366, Neurocutaneous melanocytosis
367,myocardial Infarction 
368, sclerosing angiomatoid nodular transformation (SANT) of spleen
369,disseminated nocardiosis
370, neurocutaneous melanosis
371, Crooke's adenoma in Nelson's syndrome 
372,metastatic melanoma 
373,A diffuse paradoxical cerebral air embolism of cortical veins
374," metastatic gastrointestinal stromal tumor (GIST), epithelioid type"
375, Cushing’s syndrome
376, acute myeloid leukemia  
377, malignant solitary fibrous tumor 
378,Invasive aspergillosis of the CNS
379,Atypical pituitary adenoma with prominent lymphocytes infiltration and germinal centers.
380,pigmented (melanin producing) desmoplastic ganglioglioma  
381, Intracranial xanthogranuloma 
382,intradural schwannoma in schwannomatosis 
383," Cystic atypical choroid plexus papilloma, WHO grade II"
384,Genetic Testing in Hirschsprung Disease
385, early dense deposit disease 
386,cyctic fibrosis
387, mucoepidermoid carcinoma 
388, papillary tumour of the pineal region 
389, cerebellar oligodendroglioma with bone marrow metastasis.  
390,Acute myeloid leukemia (AML) with t(8;21) (q22;q22); RUNX1-RUNX1T1
391, prostatic adenocarcinoma
392, pneumocephalus due to Clostridium septicum in association with hemolytic uremic syndrome
393, metastatic hemangioblastoma  
394, tuberous sclerosis complex (TSC) 
395,neutrophilic dermatosis of the hands 
396,osteogenesis imperfecta Type II (OI II)
397,acute promyelocytic leukemia (APML) with t(15;17)
398,Hemolytic transfusion reactions caused by the Kidd blood group
399, primary extradural meningioma
400, plasma cell neoplasm  
401, transfusion-associated circulatory overload 
402, acute erythroid leukemia    
403, talc granulomatosis due to drug abuse  
404,  intravascular large B cell lymphoma.
405, Schwannoma grade I WHO of the jugular foramen associated with leptomeningeal blue nevus
406,T-cell large granular lymphocyte leukemia  
407,Legionella micdadei prosthetic valve endocarditis with a septic emboli to the brain 
408,bone marrow involved by disseminated histoplasmosis 
409,neuroendocrine carcinoma of the kidney 
410,hairy cell leukemia 
411, multiple intracranial meningeal extramedullary hematopoiesis 
412, sacrococcygeal chordoma 
413, chronic hepatitis C and IL28B CT genotype
414, pleuropulmonary blastoma (PPB) 
415,Human anti-mouse antibodies interfere with thyroglubulin measurements in serum 
416, medulloblastoma with rhabdomyoblastic differentiation 
417, post encephalitic parkinsonism
418,catastrophic antiphospholipid antibody syndrome  
419, renal cell carcinoma with features of clear cell papillary subtype
420, cerebellar metastasis of unterine leiomyosarcoma
421, congenital intraventricular atypical meningioma
422,"Chronic myelogenous leukemia, BCR-ABL1 positive, chronic phase"
423,primary splenic large B-cell lymphoma  
424, a wild-type MTHFR 677 genotype  
425, heterotopic breast epithelial inclusion of the heart  
426, Wegener's granulomatosis involving the CNS  
427, steatocystoma 
428,low-grade myofibroblastic sarcoma (LGM) 
429, chondromyxoid fibroma of the sphenoid 
430, post-infectious glomerulonephritis with IgA predominance 
431,cavitary pulmonary tuberculosis with tuberculous meningitis 
432, Huntington disease 
433,Post-transplant lymphoproliferative disorder (PTLD) of the Burkitt lymphoma (BL) type  
434,medulloblastoma
435, embryonal tumor with abundant neuropil and true rosettes (ETANTR)
436, poorly differentiated prostatic adenocarcinoma
437, acute myeloid leukemia
438,extraaxial anaplastic ependymoma
439,Fabry Disease - Mosaic pattern 
440, cutaneous Rosai-Dorfman disease
441, primary Wegener's granulomatosis of the meninges.
442, primary intracranial solitary leptomeningeal astrocytoma (WHO grade 3).
443,Epithelioid and spindle cell conjunctival melanoma
444, staphylococcus aureus pneumonia complicating influenza
445,iIntravascular lymphomatosis (IVL)
446, Intrauterine fetal demise due to multifocal chorangiomatosis of the placenta
447, follicular thyroid carcinoma arising in struma ovarii
448, Smith-Lemli-Opitz syndrome (SLOS)
449, type 1 autoimmune pancreatitis
450,  Angioimmunoblastic T-cell lymphoma (AITL)
451,Glioblastoma with primitive neuroectodermal tumor (PNET)-like component
452, Streptococcus pseudoporcinus
453, membranoproliferative glomerulonephritis type III 
454, Idiopathic disseminated giant cell arteritis (GCA)
455, sudden change in mental status
456,B-cell lymphoid neoplasm with high-grade features
457,Hodgkin’s disease-mixed cellularity type
458,Metastatic urothelial carcinoma to the calcaneus
459,Antibodies to dsDNA
460,three different brain tumors
461,cystic Schwannoma
462,Hb SC disease
463,neuromyelitis optica of the spinal cord
464,neuromyelitis optica
465,tumefactive multiple sclerosis (MS) 
466,Maturity-Onset Diabetes of the Young (MODY) -2
467,Clear cell renal cell carcinoma metastatic to capillary hemangioblastoma in the setting of von Hippel-Lindau disease
468, CNS spread of untreated acute myeloid leukemia associated with acute demyelination 
469,with left dysgenetic testis with juvenile granulosa cell tumor
470,refractory hypokalemia due to Ectopic ACTH production
471, angiocentric glioma in the hippocampus 
472," phosphaturic mesenchymal tumor, mixed connective Ttssue variant (PMT-MCT)  "
473,full mutation pattern of the CGG repeat region in the FMR-1 gene consistent with fragile X syndrome
474,"mixopapillary ependymoma, WHO Grade 1"
475, Tumor-like deposits of κ light chain surrounded by mature kappa chain-expressing plasma cells 
476, Atypical meningioma associated with reactive hyperplasia and colonization of meningeal melanocytes
477,hereditary elliptocytosis 
478,schistosomiasis
479,cryptococcal meningoencephalitis
480, acute adenovirus encephalitis 
481, Influenza associated acute necrotizing encephalopathy 
482,capillary hemangioma
483,Dystrophinopathy with a duplication noted in exon 5-11 of the dystrophin gene
484,pseudomelanosis duodeni
485,Invasive urothelial carcinoma with predominant sarcomatoid differentiation 
486,Inherited unbalanced chromosome rearrangement resulting in partial trisomy 13 and partial trisomy 7  
487, lipoma of the corpus callosum
488,angiolipomatous hamartoma of the cochlear nerve
489,renal involement by Fabry disease 
490,primary diffuse leptomeningeal primitive neuroectodermal tumor (PDL PNET)
491, cerebral T-cell lymphoma
492, progressive myoclonus epilepsy 
493, pediatric tectal glioma with focal anaplasia 
494,Primary cutaneous follicle center lymphoma 
495,Roseomonas Gilardii
496,short stature 
497,glomus tumor of the kidney 
498,hemophagocytic lymphohistiocytosis and systemic histoplasmosis 
499, EBV-associated diffuse large B cell lymphoma 
500, CNS manifestation of multiple myeloma 
501,osteosarcoma and Paget’s disease of bone
502, cerebral angiosarcoma
503, encephalic Lipoma
504,Subacute sclerosing encephalitis (SSPE) and craniopharyngioma
505, epithelioid sarcoma
506,type II mixed cryoglobulinemia 
507,fatty acid oxidation disorder
508,Plasmodium vivax
509,parvovirus B19-related glomerulonephritis
510,pigmented pleomorphic xanthoastrocytoma 
511,Metastatic clear-cell type of renal carcinoma in a meningothelial meningioma
512,Hypochloremic metabolic alkalosis
513,neurothekeoma
514,Embryonal tumor with abundant neuropil and true rosettes (ETANTR)
515,Glioblastoma multiforme
516,Vibrio vulnificus and Campylobacter jejuni  
517,BK virus nephropathy with diffuse tubular basement membrane C4d staining
518,astroblastoma
519,Intraventricular astrocytoma with extensive lipidization (lipoastrocytoma) 
520,cerebellar pleomorphic xanthoastrocytoma
521,pleomorphic xanthoastrocytoma 
522,Nocardia veterana
523,cervical thymic cyst
524,Transfusion associated circulatory overload (TACO)
525,goblet cell carcinoid
526,Pituitary gonadotroph adenoma with adamantinomatous craniopharyngioma  
527,Non-Langerhans cell histiocytosis corresponding to Erdheim-Chester Disease (ECD)
528,Anoxic encephalopathy due to opiate poisoning
529,high grade neuroendocrine carcinoma
530,Monoclonal gammopathy of undetermined significance (MGUS).
531,"pseudomyxoma peritonei,"
532,hydroxychloroquine myopathy 
533,acute subarachnoid and intraventricular hemorrhage
534, malignant melanotic schwannoma 
535,primary CNS melanocytic tumor of intermediate type progressing to metastatic melanoma
536, primary acalvaria
537,Methotrexate-induced leukoencephalopathy
538,cerebellar neurocytoma  (COM-BP)
539, pituicytoma
540,Usual interstitial pneumonia and primary adenocarcinoma of the lung
541, infection of mycobacterium haemophilum in his right hand
542,"anaplastic large cell lymphoma, favor small cell variant"
543,Cushing's Disease: Hypercortisolism and Pituitary Adenoma
544,foregut duplicaiton cyst of the tongue
545,"autoimmune hepatitis (AIH), Type I"
546,"histiocytic neoplasm, post-acute lymphoblastic leukemia"
547, glioblastoma multiforme. 
548, oncocytic variant of choroid plexus papilloma
549,Strychnine Toxicity
550,atypical myxoid tumor of the vulva
551,angiomyolipomsa
552, Solitary pineal metastasis of prostate adenocarcinoma with changes of secondary acute hydrocephalus
553, intracerebral Rosai-Dorfman disease
554, antisynthetase syndrome
555, Masson's tumor (papillary endothelial hyperplasia)
556,Subacute necrotic myelitis/myelopathy (Foix-Alajouanine syndrome)
557,"Listeria Monocytogenes brain abscess, sensitive to Ampicillin and Trimethoprim/Sulfa"
558, Diffuse Anti-basement Membrane Antibody Glomerulonephritis with Cellular Crescents
559, cerebral intraparenchymal myeloma
560,Diffuse large B cell lymphoma (DLBCL) arising within a ganglioglioma of the cerebellum
561, aggressive angiomyxoma 
562, thyroid storm
563, Kufs' Disease 
564, cerebral Phaeohyphomycosis 
565,Deterioration in renal function and viral load following treating a BK viruric patient with anti-rejection therapy
566, Langerhans cell histiocytosis (LCH)
567,Invasive fungal sinusitis with Fusarium species.
568, pituitary adenoma    
569, stroma poor ganglioneuroblastoma of sympathetic ganglion 
570, Intrasellar cellular schwannoma  
571, Plasma cell predominant lymphoplasmacytic-rich meningioma
572, Nocardia asteroides complex
573, abdominal pain
574, diffusely infiltrating germinoma
575,unifocal Langerhans cell histiocytosis of the clivus
576,Paraganglioma with extensive gangliocytic differentiation
577, acute parvovirus infection.
578, pleomorphic xanthoastrocytoma
579, myelodysplastic syndromes
580, an infiltrating meningioma
581, celular schwannoma
582,neurosarcoidosis
583,Coccidioidal granulomatous meningitis and abscesses
584,nonsecretory multiple myeloma
585, nephrocalcinosis
586, D30 positive lymphoproliferative disorder
587, Angiomatoid fibrous histiocytoma 
588,pleomorphic xanthoastrocytoma 
589,intravascular large B-cell lymphoma with extensive sellar involvement
590,Transfusion Associated Circulatory Overload
591,Lafora body disease 
592,supratentorial hemangioblastoma
593,Small colony variant-Staphylococcus aureus
594, Metastatic seminoma in the duodenum
595,Ehlers Danlos Syndrome type IV (vascular type)
596,primitive neuroectodermal tumor  
597,Traumatic Neuroma 
598,subependymal giant cell astrocytoma with malignant phenotype and axial spread
599,pleomorphic xanthoastrocytoma
600,metastatic neuroblastoma
601, recurrent oligodendroglioma
602,Multicystic ovaries secondary to hypothyroidism 
603,diffuse high-grade glioma 
604,chondroblastoma of the petrous portion of the temporal bone 
605,Zellweger syndrome 
606, yolk sac tumor 
607,Myxoid meningioma
608,Spinal Muscular Atrophy (SMA) type I (Werdnig-Hoffmann Disease)
609, alveolar rhabdomyosarcoma
610, Cholangiocarcinoma arising in a HCV related cirrhotic liver
611, intracerebral tuberculoma
612,systemic lupus erythematosus
613, malignant lymphoma
614, cerebellar low grade astroblastoma 
615,"oncocytic Schneiderian papilloma (OSP)
"
616,partial trisomy for a small region of chromosome 16p
617, bilateral cytomegalovirus (CMV) oophoritis
618, de novo  malignant ganglioglioma of the spinal cord 
619, desmin cardiomyopathy
620,microcytosis with pancytopenia
621,lymphomatosis cerebri
622,clear cell ranal carcinoma and metastatic breast carcinoma
623,Salmonella typhi septicemia
624,pituitary oncocytoma with metastatic malignant melanoma
625,Angiotropic (intravascular) lymphoma and cerebrovascular beta-amyloidosis 
626, Lhermitte-Duclos disease 
627,fragile-X syndrome
628,recurrent multiple myeloma with plasma cell leukemia
629,metaplastic carcinoma of the breast
630,Evaluation of a kidney transplant from a living-related donor
631,a olfactory neuroblastoma
632, rhabdoid tumor of the thyroid
633, papillary carcinoma of the thyroid
634, pasteurella multocida peritonitis
635,melanotic neuroectodermal tumor of infancy 
636, gangliocytoma.
637, a right parotid low-grade cribriform cystadenocarcinoma
638," acute monocytic leukemia, coexisting with mycosis fungoides"
639,paratesticular angiosarcoma 
640,Hemoglobin S/Hemoglobin C disease
641,sporadic Creutzfeldt-Jakob disease 
642,diffuse large B-cell lymphoma
643,metastatic renal cell carcinoma
644,Simultaneous hematolymphoid disorders in a 19 year-old female
645,hereditary ceruloplasmin deficiency with hemosiderosis.
646,postoperative spindle cell nodule (PSCN) 
647,3-Methylcrotonyl-CoA carboxylase ( 3-MCC) deficiency 
648,cutaneous neuroendocrine carcinoma
649,Light chain deposition disease (LCDD) of the brain
650,Transfusion-Refractory Anemia: Immune Or Non-Immune Hemolysis?
651,Richter syndrome
652,intermediate grade melanocytomas 
653,focal nodular hyperplasia (FNH) 
654,posterior leukoencephalopathy
655,calcifying pseudoneoplasm of the neuraxis 
656,mantle cell lymphoma
657,intracerebral granulocytic sarcoma
658,papillary cystadenoma of the epididymis
659,oligodendroglioma
660,neuronal intranuclear inclusion disease 
661,glycogen storage disease type II 
662,granulomatous eccrinotropic lymphomatoid papulosis
663, intraventricular schwannoma
664,Mycobacterium kansasii infection
665,fundic gland polyps with focal low-grade dysplasia
666, pyothorax-associated lymphoma (PAL)  
667,malignant melanoma 
668,anemia
669,Mycobacterium kansasii disseminated infection
670,chronic inflammatory demyelinating polyradiculoneuropathy (CIDP) 
671,follicular adenoma 
672,giant cell ependymoma
673,gyrate atrophy
674,germinoma
675, Ewing's sarcoma/peripheral primitive neuroectodermal tumor 
676,cholangiocarcinoma
677,paroxysmal nocturnal hemoglobinuria
678,micropapillary carcinoma of the ovary 
679,vancomycin-dependent enterococcus (VDE) 
680,  pineal anlage tumor 
681, papillary thyroid carcinoma  
682, midline cerebellar mass
683,myocarditis 
684, granulomatous pneumonities secondary to scarcoidosis  
685, in a patient with monoclonal gammopathy of undetermined significance 
686,Malignant melanotic neuroectodermal tumor of infancy  
687,systemic mastocytosis
688,paraganglioma of the cauda equina
689,acute combined drug overdose 
690, a malignant peripheral nerve sheath tumor (MPNST)
691,Extranodal marginal zone B-cell lymphomas of mucosa associated lymphoid tissue 
692, Leydig cell tumors 
693, primary CNS lymphoma 
694,granulomatous amebic meningoencephalitis caused by Balamuthia mandrillaris
695,Macrocytic anemia and thrombocytopenia in a newborn
696,juvenile granulosa cell tumor 
697,follicular dendritic cell sarcoma 
698,merkel cell carcinoma 
699,pilocytic astrocytoma 
700,Cryptococcal meningitis and focal pneumonitis
701, Streptococcus pneumoniae psoas abscess and recurrent pneumococcal bacteremia as the initial presentation of a monoclonal gammopathy
702,hilus (or Leydig) cell hyperplasia
703,recurrent extracerebral tumor
704,reactive lymphoid hyperplasia with focal herpetic type inclusions
705,CMV colitis and intestinal spirochetosis
706,monoclonal gammopathy of undetermined significance
707,neurofibromatosis of the orbit
708,chronic intracerebral hemorrhage 
709,melanotic schwannoma 
710,serous oligocystic adenoma 
711,fusobacterium necrophorum bacteremia
712,clear cell pancreatic adenocarcinoma
713,extraventricular neurocytoma
714,spinal muscular atrophy 
715,nasopharyngeal paraganglioma
716,myeloid sarcoma
717,desmoplastic melanoma 
718,acinar cell carcinoma of the pancreas 
719,neurocysticercosis
720,a seven-month history of abdominal pain 
721,A male in his 30s scheduled for Liver transplant 
722,recurrent meningioma 
723,"anemia, neutropenia, and lymphopenia  "
724,a mediastinal B-cell lymphoma
725,meningioma
726,Refsum's disease 
727,congenital gemistocytic astrocytoma. 
728,gliosarcoma
729,systemic mastocytosis
730,non-small cell neuroendocrine carcinoma
731,Listerial Rhombencephalitis 
732, malignant non-hodgkings lymphoma
733,Myelodysplastic syndrome and bone marrow transplant engraftment failure
734,gliosarcoma
735,a  phosphaturic mesenchymal tumor of the cavernous sinus.
736,large B-cell lymphoma
737,Huntington's Disease  (HD)
738,macrophagic myofasciitis.
739,with ovarian masses 
740,meningioma and meningioangiomatosis
741,atypical melanocytic neoplasm 
742,multiple congenital anomaly/mental retardation syndrome
743,leptomeningeal Rosai-Dorfman disease
744, toxoplasmosis 
745,acute pneumococcal meningo-encephalo-radiculitis
746,renal cell carcinoma
747,Angelman syndrome
748,ectopic ependymoma of the liver
749,clear cell carcinoma of the ovary 
750,hemangioblastoma
751,intracranial mesenchymal osteochondroma
752,familial adenomatous polyposis.
753,Pancreatic neuroendocrine carcinoma with solid-pseudopapillary features
754,Rosai-Dorfman disease 
755,primary MALT lymphoma of dura
756,acute demyelinating diseases 
757,partial ornithine transcarbamylase (OTC) deficiency
758,primary amebic meningoencephalitis 
759,chromophobic renal cell carcinomas 
760, babesiosis
761,Paget's disease of the breast
762,high grade non-Hodgkin's B-cell lymphoma 
763,tricyclic antidepressants overdose
764,malignant müllerian mixed tumors 
765,angiofollicular hyperplasia
766,Rasmussen's  chronic encephalitis syndrome
767,Von Willebrand disease
768,anaplastic ependymoma
769,papillary glioneuronal tumor (PGNT)
770,Rheumatoid arthritis and peripheral leukocytosis
771,malignant melanoma
772,intracerebral benign nerve sheath tumor (schwannoma)
773,malaria due to plasmodium falciparum
774,Rosai-Dorfman disease
775,Fanconi syndrome secondary to kappa light chain bence jones proteinuria
776,recurrent plexiform fibrohistiocytic tumor
777, infection of Nocardia farcinica
778,solitary fibrous tumor of the orbit.
779,"metastasizing, melanocytic leptomeningeal tumor"
780,chordoma
781,Suicide attempt with ingestion of pyridium tablets
782,extranodal NK/T-cell lymphoma
783,Destombes-Rosai-Dorfman disease (DRDD)
784,infection of Pasteurell multocida and Enterobacter cloacae 
785,granulocytic sarcoma
786,acute hemolytic transfusion with jka antibody
787,plexiform neurofibroma of the facial nerve.
788,rhabdomysarcoma of pulmonary artery trunk
789,liposarcoma
790,Castleman's disease
791,large B cell lymphoma 
792,primary adenocarcinoma of the Lung 
793,Langerhans' cell histiocytosis
794,"cholangiocarcinoma, secondary to infection of liver flukes"
795,small lymphocytic lymphoma 
796,intrasellar glioneuronal hamartoma 
797,"metaplastic carcinoma of the breast, spindle cell type"
798,acute hemolytic reaction secondary to out of group platelet transfusion.
799, synovial sarcomas
800,motor neuron disease 
801,disseminated Scedosporium prolificans (inflatum) Infection
802,follicular hyperplasia with focal monocytoid B-cell proliferation
803," massive adenohypophysial necrosis corresponding to ""respirator pituitary"""
804, one lymph node metastasis and two oral squamous cell tumors
805, granulocytic sarcoma
806, acquired inhibitors to factor VIII
807, sertoliform  cystadenoma of the rete testis
808,"Spine, extradural space - extramedullary haematopoiesis (EMH). "
809,ganglioglioma with neurofibrillary tangles
810,sebaceous lymphadenoma 
811,IgA deficiency with IgG subclass deficiency
812,A case of T. californiensis conjunctival infestation in human
813,Giardiasis
814,diffuse angiomatosis 
815,Atypical granular cell tumor of the neurohypophysis
816,a large cell calcifying sertoli cell tumor
817,hemolytic transfusion reaction
818,giant cholesterol granuloma of the temporal bone
819,malignant solitary fibrous tumor 
820,chronic myeloid leukemia in accelerated phase
821,sex cord stromal tumor
822,Wegener's granulomatosis 
823,Phenylbutazone Toxicity
824,high-grade urothelial carcinoma 
825,Meningothelial meningioma with lipomatous and rhabdoid differentiation
826,invasive pulmonary adenocarcinoma 
827,"hyperfibrino(geno)lysis,  secondary to metastatic prostatic carcinoma"
828,Lhermitte-Duclos disease  (LDD)
829,disseminated tuberculosis
830,malignant medullary carcinoma
831,Spinal subarachnoid hemorrhage secondary to microscopic polyangiitis 
832,carcinosarcoma
833,metastatic Hodgkin's disease 
834,solid alveolar-type rhabdomyosarcoma (RMS)
835,primary adenocarcinoma of the small intestine
836,desmoplastic infantile ganglioglioma (DIG). 
837,neonatal alloimmune thrombocytopenia
838,recurrent malignant gastrointestinal stromal tumor 
839,pigmented villonodular synovitis 
840,Double heterozygote for hemoglobine and beta thalassemia
841," myofibroblastoma, epithelioid type  "
842,"variant turner syndrome [ 46,x, iso(xq) ]"
843,long-standing progressive tetraparesis  
844,low grade leiomyosarcoma of left ilium
845,solitary brain juvenile xanthogranuloma (JXG)  
846,corticomedullary tumor 
847,IgD/Lambda multiple myeloma with plasma cell leukemia.
848,methanol poisoning
849,Waldenstrom's macroglobulinemia
850,polyglandular autoimmune syndrome
851,progressive supranuclear palsy
852,chronic mixed Actinomyces israelii and Haemophilus (Actinobacillus) actinomycetemcomitans infection 
853,adenocarcinoma of pancreas with Trousseau's syndrome
854,mature cystict teratoma arising in the anterior mediastinum
855,myotonic dystrophy
856,ciliary motility disorder consistent with immotile cilia syndrome
857,endolymphatic sac tumor (ELST)  
858,nasal-type T/NK-cell lymphomas 
859,invasive pulmonary thymoma
860,cerebral toxoplasmosis
861,craniopharyngioma
862,bilateral pneumonia with nocardia
863,lymphoplasmacyte-rich meningioma. 
864,Placenta from a pregnancy with maternal floor infarction
865,arrhythmogenic right ventricular cardiomyopathy
866,melanotic neuroectodermal tumour of infancy 
867,"Acquired (Non-Wilsonian) hepatocerebral degeneration with ""shunt myelopathy"" "
868,malignant lymphoma
869,cutaneous nodules and ulcers
870,necrotizing granulomatous dertatitis 
871,solitary fibrous tumor of the pleura 
872, extraventricular atypical neurocytic neoplasm   
873,posttransplant lymphoproliferative disorder (PTLD)
874, paraproteinemic (IgM) polyneuropathy  
875,lupus anticoagulant
876,pineoblastoma
877,a cavitary lesion secondary to chronic coccidioides immitis infection
878,sarcoidosis
879,  intravascular malignant lymphomatosis 
880, neurodegeneration with axonal spheroids and iron deposition  
881, intravascular lynphoma
882, intra-osseous and soft tissue granulomatous reaction
883,embryonal rhabdomyosarcoma in the sella turcica
884,prostatic adenocarcinoma
885,microvasculitis associated with systemic lupus erythematosus.
886, clear cell sarcoma of the kidney 
887, histiocytic necrotizing lymphadenitis
888,with chronic infestation of rectal wall by Schistosoma
889, choroid plexus carcinoma
890,monoclonal gammopathy of undetermined significance (MGUS)
891,poorly differentiated gastric adenocarcinoma
892,pilocytic astrocytoma 
893,multiple myeloma of the IgD isotype
894,mixed germ cedll tumor of testes
895,primary embryonal rhabdomyosarcoma of the brain
896,"jejunal intussusception with bowel necrosis, ileal intussusception and peritonitis "
897,with a mixed connective tissue disorder
898,follicular center cell lymphoma
899,B-cell lymphoma
900,tuberculosis
901,leiomyomas
902,acute necrotizing myopathy (rhabdomyolysis) secondary to lovastatin and niacin
903,lactobacillus sepsis with psoas muscle abscesses and osteomyelitis
904,vascular adrenal cysts
905,severe right lung necrotizing pneumonia with mucor
906,congenital cerebral primitive neuroectodermal tumor (PNET)
907,subependymal giant cell astrocytoma
908,"Profiles of total CK, CK-MB and troponin I in two cases of acute myocardial infarction"
909,Rathke's cleft cyst 
910,lymphocytic interstitial pneumonia 
911,idiopathic giant cell myocarditis 
912,infection of M. Bovis
913,toxic polyneuropathy induced by hydrochloroquine
914,pancreatic islet cell tumor
915,acute lymphoblastic leukemia with t(9;22)(q43;q11.2)
916,chronic lymphocytic interstitial nephritis
917,gliosarcoma with selective extraneural sarcoma metastases
918,recurrent true malignant mixed tumor of the right parotid gland
919,primary malignant melanoma of the vagina
920,an adrenal cortical carcinoma compressing the kidney and invading the liver
921,Adrenal myelolipoma 
922,allergic reaction to the transfused packed RBC's
923,microvillous inclusion disease (MID)
924,pilocytic astrocytoma 
925,Becker muscular dystrophy
926,disseminated toxoplasmosis
927,acute myocardial infarction
928,Pineocytoma with neuronal differentiation
929,granulomatous amoebic encephalitis due to acanthamoeba castellanii
930,bipolaris pansinusitis
931,Neurocysticercosis
932,Necrotizing Pseudomembranous Colitis Secondary to C. Difficile Infection
933,yolk sac carcinoma arising in a mature teratoma of the liver
934,lipomyelomeningocele with nephrogenic rests
935,hemolytic uremic syndrome of pregnancy 
936,"CMV ventriculo-encephalitis, polyradiculitis, and multiple cranial neuritis"
937,dense deposit disease (DDD)
938,Langerhans Cell Granulomatosis
939,"pneumonia, hilar lymphadentis, and  sepsis secondary to Rhodococcus equi"
940,rhabdomyoma
941,atypical carcinoid tumor
942, mixed connective tissue disease (MCTD)
943,ganglioglioma
944,adenoid cystic carcinoma
945,brown tumor (giant cell tumor of hyperparathyroidism)
946, Fabry's Disease
947, an atypical meningioma
948,recurrent pituitary adenoma
949,benign lymphangioendothelioma 
950,soft tissue infection and osteomyelitis
951,oaraganglioma of the filum terminale
952,noninvasive thymoma
953,McArdle's disease
954,Carney's Syndrome
955,fetus papyraceus
956,DiGeorge Syndrome
957,solitary fibrous tumor of the meninges
958,advanced amyloidosis of kidney
959, mediastinal Mycobacterium szulgai lymphadenitis
960,cryptic arteriovenous malformation  
961,Lash's Bitters: biochemical analysis of a historical proprietary medicine
962,palisaded myofibroblastoma
963,progressive multifocal leukoencephalopathy
964,homozygous factor VII deficiency
965,dedifferentiated chondrosarcoma
966,juvenile-onset Huntington's disease
967,"metaplastic carcinoma of the breast, matrix producing type"
968,"retroperitoneal angiofollicular lymph node hyperplasia (Castleman's disease), hyaline vascular type"
969,Cryptococcal Meningitis with Vasculitis and Cerebral Infarct
970,brain abscesses caused by streptococcus milleri group: S. intermedius
971,trigeminofacial malignant epithelioid schwannoma
972,pulmonary lymphangiomyomatosis
973,renal tubular dysgenesis
974,nevoid basal cell carcinoma syndrome
975,Transfusion reaction
976,cutaneous leiomyosarcoma
977,dysembryoplastic neuroepithelial tumor (DNT)
978,renal cell carcinoma
979,Pearson's syndrome
980,Ewing's Sarcoma
981,acute hemorrhagic leukoencephalopathy
982,Lewis A antibody
983, glassy cell carcinoma of the cervix
984,ring chromosome 22 and brain tumor
985,Agrobacterum Radiobacter Bacteremia
986,lentigo maligna
987,Henoch-Schöenlein purpura
988,anaplastic ependymoma
989,protothecal peritonitis
990,meningioangiomatosis
991,Smith-Lemli-Optiz Syndrome
992,pilocytic astrocytoma
993,cryptococcus neoformans
994,disseminated mycobactrium avium complex infection and CNS lymphoma
995,disseminated trichosporonosis
996,Creutzfeldt-Jakob Disease (CJD)
997,thrombosis of internal cerebral vein
998,aortic dissection
999,organophosphate insecticide poisoning
1000,juvenile xanthogranuloma
1001,acute motor axonal neuropathy
1002,Atypical mycobacterium (mycobacterium abscessus) infection
1003,multiple sclerosis
1004,fibrillary glomerulopathy
1005,hereditary hemochromatosis
1006,Extraadrenal  paragangliomas
1007,pregnancy-induced hypertension and antiphospholipid antibody syndrome
1008,neurocytoma
1009,Kasabach-Merritt Syndrome
1010,myositis ossificans
1011,hypothalamic hamartoma
1012,phrynoderma
1013,Waldenstroms's macroglobulinemia
1014,Anorexia nervosa
1015,graft versus host disease
1016,melanotic choroid plexus papilloma
1017,moderately differentiated adrenal cortical carcinoma
1018,coccygeal chordoma
1019,primary hepatic lymphoma
1020,Septic transfusion reaction
1021,immunotactoid glomerulonephritis
1022,Lyme disease
1023,transposition of the great vessels
1024,Disseminated Cryptococcosis
1025,follicular dendritic cell tumor
1026,Disseminated fungal sepsis
1027,Meningococcemia and disseminated intravascular coagulation
1028,Malignant teratoma with yolk sac tumor
1029,Wegener's Granulomatosis
1030,"Posttransplant lymphoproliferative disease, Burkitt's lymphoma-like"
1031,arginosuccinase deficiency
1032,renal artery stenosis
1033,Jimson weed toxicity
1034,well-differentiated fetal type adenocarcinoma
1035,Hurthle cell carcinoma
1036,osteosarcoma
1037,Malaria
1038,squamous cell carcinoma
1039,Posttransplant lymphoproliferative disorder
1040,Leydig cell tumor
1041,Gaucher's Disease
1042,Juxta-articular myxoma
1043,Infectious mononucleosis
1044,Menetrier's disease
1045,Papillary renal cell carcinoma
1046,metastatic carcinoid tumor
1047,metastatic poorly differentiated squamous carcinoma
1048,inverted papilloma and verrucous carcinoma
1049,hemangioma
1050,nodular hepatic tuberculosis
1051,renal cell carcinoma
1052,restrained passenger
1053,metastatic prostate cancer
1054,insular carcinoma of the thyroid
1055,cholesterol polyps
1056,end stage liver disease
1057,fulminant hepatitis
1058,renal allograft rejection
1059,coronary graft vascular disease
1060,incidental glucagonoma
1061,cirrhosis
1062,Ameloblastoma
1063,Transitional cell carcinoma
1064,Acoustic neuroma
1065,Cirrhosis
1066,Transitional cell carcinoma
1067,Primitive polar spongioblastoma
1068,Osteosarcoma
1069,Paraganglioma
1070,carcinoid tumor
1071,pituitary adenoma
1072,B cell large cell lymphoma
1073,Metastatic adenocarcinoma
1074,glioblastoma
1075,Polycystic disease
1076,pleomorphic adenoma ex carcinoma
